{"schemaVersion":"1.0","appDefinitionTemplate":{"id":"/providers/Microsoft.PowerApps/apps/","type":"Microsoft.PowerApps/apps","tags":{"primaryDeviceWidth":"640","primaryDeviceHeight":"1136","sienaVersion":"20200405T200530Z-3.20023.7.0","deviceCapabilities":"","supportsPortrait":"true","supportsLandscape":"false","primaryFormFactor":"Phone","publisherVersion":"3.20023.7","minimumRequiredApiVersion":"2.2.0","hasComponent":"false","hasUnlockedComponent":"false"},"properties":{"appVersion":"2020-04-05T20:05:30Z","lifeCycleId":"Published","createdByClientVersion":{"major":3,"minor":20023,"build":7,"revision":0,"majorRevision":0,"minorRevision":0},"minClientVersion":{"major":3,"minor":20023,"build":7,"revision":0,"majorRevision":0,"minorRevision":0},"backgroundColor":"rgba(0, 176, 240, 1)","backgroundImageUri":"/12380184743906776360/N23945f3e-b541-408b-b632-5079e2649f1a-logoSmallFile","displayName":"COVID-19 הצהרת בריאות","description":"","commitMessage":"","appUris":{"documentUri":{"value":"/12380184743906776360/N6f20db4f-9341-4c20-8945-a14981922880-document.msapp","readonlyValue":"/12380184743906776360/N6f20db4f-9341-4c20-8945-a14981922880-document.msapp"},"imageUris":[]},"createdTime":"0001-01-01T00:00:00Z","lastModifiedTime":"0001-01-01T00:00:00Z","sharedGroupsCount":0,"sharedUsersCount":0,"icons":{"smallIconUri":"/12380184743906776360/Nca8aa60a-2ba4-4e2f-aa75-1e7dc8088c45-small.png","mediumIconUri":"/12380184743906776360/N8022f0f4-5358-4d0e-b8aa-c70c86fa1759-medium.png","largeIconUri":"/12380184743906776360/Nc04909a3-9a20-44d6-9818-1309dcc2d2a8-large.png","wideIconUri":"/12380184743906776360/Nf9208060-3102-49b6-a995-9d1c07bcf318-wide.png"},"connectionReferences":{"5c665729-2ac4-4d2f-bd39-7c3a02868f39":{"id":"5ac3991e-6595-4b70-ba83-f99412ca584b","displayName":"SharePoint","iconUri":"https://connectoricons-prod.azureedge.net/sharepointonline/icon_1.0.1324.1937.png","dataSources":["הצהרת בריאות"],"dependencies":[],"dependents":[],"parameterHints":{},"isOnPremiseConnection":false,"bypassConsent":false,"dataSets":{"https://m365x945749.sharepoint.com/sites/HealthDeclaration":{"dataSources":{"הצהרת בריאות":{"tableName":"d4f4f5d7-9c57-46c2-b360-e276a7b901aa"}}}},"apiTier":"Standard","isCustomApiConnection":false}},"databaseReferences":{},"almMode":"Environment","performanceOptimizationEnabled":false,"canConsumeAppPass":true},"isAppComponentLibrary":false,"appType":"ClassicCanvasApp","appComponents":[]}}